Restrict Tile,864,480
Restrict Tile,864,512
Restrict Tile,864,544
Restrict Tile,864,576
Restrict Tile,864,608
Restrict Tile,864,640
Restrict Tile,864,672
Restrict Tile,864,96
Restrict Tile,864,128
Restrict Tile,864,160
Restrict Tile,864,192
Restrict Tile,864,224
Restrict Tile,864,256
Restrict Tile,864,288
Restrict Tile,864,320
Restrict Tile,864,352
Restrict Tile,864,384
Restrict Tile,64,64
Restrict Tile,96,64
Restrict Tile,128,64
Restrict Tile,160,64
Restrict Tile,192,64
Restrict Tile,224,64
Restrict Tile,256,64
Restrict Tile,288,64
Restrict Tile,320,64
Restrict Tile,352,64
Restrict Tile,384,64
Restrict Tile,416,64
Restrict Tile,448,64
Restrict Tile,480,64
Restrict Tile,512,64
Restrict Tile,544,64
Restrict Tile,576,64
Restrict Tile,608,64
Restrict Tile,640,64
Restrict Tile,672,64
Restrict Tile,704,64
Restrict Tile,736,64
Restrict Tile,768,64
Restrict Tile,800,64
Restrict Tile,832,64
Restrict Tile,864,64
Restrict Tile,64,672
Restrict Tile,96,672
Restrict Tile,128,672
Restrict Tile,160,672
Restrict Tile,192,672
Restrict Tile,224,672
Restrict Tile,256,672
Restrict Tile,288,672
Restrict Tile,320,672
Restrict Tile,352,672
Restrict Tile,384,672
Restrict Tile,416,672
Restrict Tile,448,672
Restrict Tile,480,672
Restrict Tile,512,672
Restrict Tile,544,672
Restrict Tile,576,672
Restrict Tile,608,672
Restrict Tile,640,672
Restrict Tile,672,672
Restrict Tile,704,672
Restrict Tile,736,672
Restrict Tile,768,672
Restrict Tile,800,672
Restrict Tile,832,672
Restrict Tile,864,672
Restrict Tile,64,64
Restrict Tile,64,96
Restrict Tile,64,128
Restrict Tile,64,160
Restrict Tile,64,192
Restrict Tile,64,224
Restrict Tile,64,256
Restrict Tile,64,288
Restrict Tile,64,320
Restrict Tile,64,352
Restrict Tile,64,384
Restrict Tile,64,416
Restrict Tile,64,448
Restrict Tile,64,480
Restrict Tile,64,512
Restrict Tile,64,544
Restrict Tile,64,576
Restrict Tile,64,608
Restrict Tile,64,640
Dock,704,416
Dock,704,448
Dock,736,416
Dock,736,448
Dock,768,416
Dock,768,448
Dock,800,416
Dock,800,448
Dock,832,416
Dock,832,448
Dock,864,416
Dock,864,448
Transport Tile,864,416,Grassland,192,480
Transport Tile,864,448,Grassland,192,480